{"episode_lengths": [200, 200, 200, 200, 104, 200, 139, 85, 200, 110, 99, 200, 200, 141, 51, 200, 200, 169, 117, 200, 200, 138, 200, 200, 175, 179, 200, 200, 142, 165, 83, 200, 178, 200, 113, 200, 133, 116, 200, 184, 200, 116, 191, 200, 200, 200, 93, 200, 91, 193, 200, 200, 149, 200, 200, 83, 149, 110, 200, 174, 200, 200, 200, 129, 200, 128, 200, 200, 200, 118, 200, 200, 200, 200, 200, 200, 200, 85, 200, 200, 200, 130, 115, 200, 151, 159, 128, 127, 200, 156, 200, 200, 200, 128, 200, 111, 200, 200, 200, 200], "episode_rewards": [200.0, 200.0, 200.0, 200.0, 104.0, 200.0, 139.0, 85.0, 200.0, 110.0, 99.0, 200.0, 200.0, 141.0, 51.0, 200.0, 200.0, 169.0, 117.0, 200.0, 200.0, 138.0, 200.0, 200.0, 175.0, 179.0, 200.0, 200.0, 142.0, 165.0, 83.0, 200.0, 178.0, 200.0, 113.0, 200.0, 133.0, 116.0, 200.0, 184.0, 200.0, 116.0, 191.0, 200.0, 200.0, 200.0, 93.0, 200.0, 91.0, 193.0, 200.0, 200.0, 149.0, 200.0, 200.0, 83.0, 149.0, 110.0, 200.0, 174.0, 200.0, 200.0, 200.0, 129.0, 200.0, 128.0, 200.0, 200.0, 200.0, 118.0, 200.0, 200.0, 200.0, 200.0, 200.0, 200.0, 200.0, 85.0, 200.0, 200.0, 200.0, 130.0, 115.0, 200.0, 151.0, 159.0, 128.0, 127.0, 200.0, 156.0, 200.0, 200.0, 200.0, 128.0, 200.0, 111.0, 200.0, 200.0, 200.0, 200.0], "initial_reset_timestamp": 1517221060.9307046, "timestamps": [1517221063.566529, 1517221066.1022508, 1517221066.1875951, 1517221066.2151492, 1517221066.2294214, 1517221066.2566795, 1517221066.2756128, 1517221066.2871137, 1517221068.8433928, 1517221068.9158165, 1517221068.929938, 1517221068.958169, 1517221068.9858754, 1517221069.0054204, 1517221069.0124712, 1517221069.0418556, 1517221069.0741515, 1517221069.1006932, 1517221069.1187675, 1517221069.1498833, 1517221069.18086, 1517221069.2000113, 1517221069.2275367, 1517221069.2547019, 1517221069.2784503, 1517221069.3027449, 1517221069.3300223, 1517221071.6053553, 1517221071.7073991, 1517221071.7515733, 1517221071.7714038, 1517221071.8152602, 1517221071.8539097, 1517221071.8973489, 1517221071.9221518, 1517221071.9657397, 1517221071.9947867, 1517221072.0201278, 1517221072.0637999, 1517221072.1040182, 1517221072.1478546, 1517221072.1733546, 1517221072.2149968, 1517221072.2584474, 1517221072.3019223, 1517221072.3357356, 1517221072.3496358, 1517221072.3795128, 1517221072.3932526, 1517221072.4222808, 1517221072.4521134, 1517221072.4821544, 1517221072.5044158, 1517221072.5342877, 1517221072.5641403, 1517221072.576589, 1517221072.6001205, 1517221072.6168895, 1517221072.647324, 1517221072.673241, 1517221072.7031415, 1517221072.7329948, 1517221072.7627397, 1517221072.7819297, 1517221075.4604874, 1517221075.5597844, 1517221075.611212, 1517221075.6556587, 1517221075.6994362, 1517221075.7251754, 1517221075.7688818, 1517221075.8124638, 1517221075.85618, 1517221075.899838, 1517221075.9436073, 1517221075.9872727, 1517221076.0308425, 1517221076.0493817, 1517221076.0930226, 1517221076.1319032, 1517221076.1639955, 1517221076.1842387, 1517221076.202882, 1517221076.238342, 1517221076.265019, 1517221076.2932122, 1517221076.3161633, 1517221076.3386037, 1517221076.3707118, 1517221076.3952975, 1517221076.4267402, 1517221076.4581194, 1517221076.489768, 1517221076.5099337, 1517221076.5413513, 1517221076.5588245, 1517221076.5902774, 1517221076.6216433, 1517221076.6531446, 1517221076.6843946], "episode_types": ["t", "t", "t", "t", "t", "t", "t", "t", "t", "t", "t", "t", "t", "t", "t", "t", "t", "t", "t", "t", "t", "t", "t", "t", "t", "t", "t", "t", "t", "t", "t", "t", "t", "t", "t", "t", "t", "t", "t", "t", "t", "t", "t", "t", "t", "t", "t", "t", "t", "t", "t", "t", "t", "t", "t", "t", "t", "t", "t", "t", "t", "t", "t", "t", "t", "t", "t", "t", "t", "t", "t", "t", "t", "t", "t", "t", "t", "t", "t", "t", "t", "t", "t", "t", "t", "t", "t", "t", "t", "t", "t", "t", "t", "t", "t", "t", "t", "t", "t", "t"]}