{"episode_types": ["t", "t", "t", "t", "t", "t", "t", "t", "t", "t", "t", "t", "t", "t", "t", "t", "t", "t", "t", "t"], "initial_reset_timestamp": 1521188629.2275999, "timestamps": [1521188634.850118, 1521188643.0838141, 1521188647.829584, 1521188653.1354086, 1521188659.3877149, 1521188665.2818499, 1521188671.0588045, 1521188678.2375445, 1521188685.9857192, 1521188692.4954169, 1521188699.7220562, 1521188704.7341177, 1521188711.5689435, 1521188718.7076855, 1521188724.252725, 1521188729.8975294, 1521188736.5835001, 1521188741.0028014, 1521188747.1489136, 1521188754.0199482], "episode_lengths": [895, 1287, 851, 955, 1129, 985, 906, 1223, 1127, 1038, 1205, 879, 1159, 1143, 975, 1007, 1165, 775, 1043, 1081], "episode_rewards": [3.0, 12.0, 6.0, 4.0, 6.0, 5.0, 5.0, 4.0, 11.0, 6.0, 13.0, 6.0, 10.0, 13.0, 2.0, 5.0, 4.0, 5.0, 10.0, 8.0]}