{"episode_types": ["t", "t", "t", "t", "t", "t", "t", "t", "t", "t", "t", "t", "t", "t", "t", "t", "t", "t", "t", "t", "t", "t", "t", "t", "t", "t", "t", "t", "t", "t", "t", "t", "t", "t", "t", "t", "t", "t", "t", "t", "t", "t", "t", "t", "t", "t", "t", "t", "t", "t", "t", "t", "t", "t", "t", "t", "t", "t", "t", "t", "t", "t", "t", "t", "t", "t", "t", "t", "t", "t", "t", "t", "t", "t", "t", "t", "t", "t", "t", "t", "t", "t", "t", "t", "t", "t", "t", "t", "t", "t", "t", "t", "t", "t", "t", "t", "t", "t", "t", "t"], "initial_reset_timestamp": 1521106074.4160268, "episode_rewards": [200.0, 200.0, 200.0, 200.0, 200.0, 200.0, 200.0, 200.0, 200.0, 200.0, 200.0, 200.0, 200.0, 200.0, 200.0, 200.0, 200.0, 200.0, 200.0, 200.0, 200.0, 200.0, 200.0, 200.0, 200.0, 200.0, 200.0, 200.0, 200.0, 200.0, 200.0, 200.0, 200.0, 200.0, 200.0, 200.0, 200.0, 200.0, 200.0, 200.0, 200.0, 200.0, 200.0, 200.0, 200.0, 200.0, 200.0, 200.0, 200.0, 200.0, 200.0, 200.0, 200.0, 200.0, 200.0, 200.0, 200.0, 200.0, 200.0, 200.0, 200.0, 200.0, 200.0, 200.0, 200.0, 200.0, 200.0, 200.0, 200.0, 200.0, 200.0, 200.0, 200.0, 200.0, 200.0, 200.0, 200.0, 200.0, 200.0, 200.0, 200.0, 200.0, 200.0, 200.0, 200.0, 200.0, 200.0, 200.0, 200.0, 200.0, 200.0, 200.0, 200.0, 200.0, 200.0, 200.0, 200.0, 200.0, 200.0, 200.0], "timestamps": [1521106078.3679054, 1521106081.7445133, 1521106082.0458534, 1521106082.299253, 1521106082.5410254, 1521106082.8054273, 1521106083.0549552, 1521106083.3248599, 1521106087.4492834, 1521106087.7740993, 1521106088.0784678, 1521106088.3811414, 1521106088.687554, 1521106089.048126, 1521106089.3717854, 1521106089.653647, 1521106089.9673285, 1521106090.297132, 1521106090.6350834, 1521106090.9592378, 1521106091.25609, 1521106091.558331, 1521106091.8401134, 1521106092.1435008, 1521106092.5066206, 1521106092.8556168, 1521106093.1664102, 1521106097.0110478, 1521106097.3672426, 1521106097.6928492, 1521106097.9985118, 1521106098.3256183, 1521106098.6392932, 1521106098.9538176, 1521106099.2761898, 1521106099.5672174, 1521106099.890326, 1521106100.1887903, 1521106100.498777, 1521106100.8343248, 1521106101.1098685, 1521106101.4046094, 1521106101.7149067, 1521106102.039348, 1521106102.360472, 1521106102.678869, 1521106102.9935763, 1521106103.3195457, 1521106103.6538012, 1521106103.9831724, 1521106104.2777076, 1521106104.5760128, 1521106104.910892, 1521106105.239404, 1521106105.5422127, 1521106105.8675733, 1521106106.2004325, 1521106106.510444, 1521106106.8325152, 1521106107.1302795, 1521106107.454436, 1521106107.7992663, 1521106108.142351, 1521106108.4594355, 1521106112.5777106, 1521106112.9356935, 1521106113.2380533, 1521106113.5498128, 1521106113.8469765, 1521106114.1419194, 1521106114.4321854, 1521106114.7704172, 1521106115.0869892, 1521106115.4169226, 1521106115.75771, 1521106116.0963113, 1521106116.4280372, 1521106116.758725, 1521106117.0815372, 1521106117.387007, 1521106117.718689, 1521106118.0490403, 1521106118.3831627, 1521106118.7169511, 1521106119.0211117, 1521106119.347773, 1521106119.6625772, 1521106119.9353902, 1521106120.2620997, 1521106120.5705636, 1521106120.8755343, 1521106121.189743, 1521106121.4923086, 1521106121.7735865, 1521106122.0773346, 1521106122.3679547, 1521106122.6952982, 1521106123.025191, 1521106123.312764, 1521106123.646466], "episode_lengths": [200, 200, 200, 200, 200, 200, 200, 200, 200, 200, 200, 200, 200, 200, 200, 200, 200, 200, 200, 200, 200, 200, 200, 200, 200, 200, 200, 200, 200, 200, 200, 200, 200, 200, 200, 200, 200, 200, 200, 200, 200, 200, 200, 200, 200, 200, 200, 200, 200, 200, 200, 200, 200, 200, 200, 200, 200, 200, 200, 200, 200, 200, 200, 200, 200, 200, 200, 200, 200, 200, 200, 200, 200, 200, 200, 200, 200, 200, 200, 200, 200, 200, 200, 200, 200, 200, 200, 200, 200, 200, 200, 200, 200, 200, 200, 200, 200, 200, 200, 200]}